platform,title,url,query_used,matched_keywords,estimated_relevance_score,suggested_entry_method,risk_level,reason
Facebook Groups,"Search: site:facebook.com/groups ""meme coin trading""",https://duckduckgo.com/?q=site%3Afacebook.com/groups%20%22meme%20coin%20trading%22,"site:facebook.com/groups ""meme coin trading""",meme coin trading,8,public post,low,High relevance: matches strong terms (meme coin trading)
Facebook Groups,"Search: site:facebook.com/groups ""Solana trading""",https://duckduckgo.com/?q=site%3Afacebook.com/groups%20%22Solana%20trading%22,"site:facebook.com/groups ""Solana trading""",Solana trading,8,public post,low,High relevance: matches strong terms (solana trading)
Facebook Groups,"Search: site:facebook.com/groups ""ETH trading""",https://duckduckgo.com/?q=site%3Afacebook.com/groups%20%22ETH%20trading%22,"site:facebook.com/groups ""ETH trading""",ETH trading,8,public post,low,High relevance: matches strong terms (eth trading)
Facebook Groups,"Search: site:facebook.com/groups ""smart money crypto""",https://duckduckgo.com/?q=site%3Afacebook.com/groups%20%22smart%20money%20crypto%22,"site:facebook.com/groups ""smart money crypto""",smart money crypto,8,public post,low,High relevance: matches strong terms (smart money)
Facebook Groups,"Search: site:facebook.com/groups ""whale tracking""",https://duckduckgo.com/?q=site%3Afacebook.com/groups%20%22whale%20tracking%22,"site:facebook.com/groups ""whale tracking""",whale tracking,8,public post,low,High relevance: matches strong terms (whale tracking)
Facebook Groups,"Search: site:facebook.com/groups ""wallet tracker crypto""",https://duckduckgo.com/?q=site%3Afacebook.com/groups%20%22wallet%20tracker%20crypto%22,"site:facebook.com/groups ""wallet tracker crypto""",wallet tracker crypto,8,public post,low,High relevance: matches strong terms (wallet tracker)
Facebook Groups,"Search: site:facebook.com/groups ""on-chain alpha""",https://duckduckgo.com/?q=site%3Afacebook.com/groups%20%22on-chain%20alpha%22,"site:facebook.com/groups ""on-chain alpha""",on-chain alpha,8,public post,low,High relevance: matches strong terms (on-chain alpha)
Facebook Groups,"Search: site:facebook.com/groups ""copy trading wallets""",https://duckduckgo.com/?q=site%3Afacebook.com/groups%20%22copy%20trading%20wallets%22,"site:facebook.com/groups ""copy trading wallets""",copy trading wallets,8,public post,low,High relevance: matches strong terms (copy trading)
Facebook Groups,"Search: site:facebook.com/groups ""insider wallet""",https://duckduckgo.com/?q=site%3Afacebook.com/groups%20%22insider%20wallet%22,"site:facebook.com/groups ""insider wallet""",insider wallet,8,public post,low,High relevance: matches strong terms (insider wallet)
Facebook Groups,"Search: site:facebook.com/groups ""whale alerts""",https://duckduckgo.com/?q=site%3Afacebook.com/groups%20%22whale%20alerts%22,"site:facebook.com/groups ""whale alerts""",whale alerts,8,public post,low,High relevance: matches strong terms (whale alert)
Facebook Groups,"Search: site:facebook.com/groups ""profitable wallets""",https://duckduckgo.com/?q=site%3Afacebook.com/groups%20%22profitable%20wallets%22,"site:facebook.com/groups ""profitable wallets""",profitable wallets,8,public post,low,High relevance: matches strong terms (profitable wallet)
Facebook Groups,"Search: site:facebook.com/groups ""fresh wallet crypto""",https://duckduckgo.com/?q=site%3Afacebook.com/groups%20%22fresh%20wallet%20crypto%22,"site:facebook.com/groups ""fresh wallet crypto""",fresh wallet crypto,8,public post,low,High relevance: matches strong terms (fresh wallet)
Facebook Groups,"Search: site:facebook.com/groups ""alpha signals crypto""",https://duckduckgo.com/?q=site%3Afacebook.com/groups%20%22alpha%20signals%20crypto%22,"site:facebook.com/groups ""alpha signals crypto""",alpha signals crypto,8,public post,low,"High relevance: matches strong terms (alpha signal, signals)"
Facebook Groups,"Search: site:facebook.com/groups ""meme coin trading"" crypto",https://duckduckgo.com/?q=site%3Afacebook.com/groups%20%22meme%20coin%20trading%22%20crypto,"site:facebook.com/groups ""meme coin trading"" crypto",meme coin trading,8,public post,low,High relevance: matches strong terms (meme coin trading)
Facebook Groups,"Search: site:facebook.com/groups ""Solana trading"" crypto",https://duckduckgo.com/?q=site%3Afacebook.com/groups%20%22Solana%20trading%22%20crypto,"site:facebook.com/groups ""Solana trading"" crypto",Solana trading,8,public post,low,High relevance: matches strong terms (solana trading)
Facebook Groups,"Search: site:facebook.com/groups ""ETH trading"" crypto",https://duckduckgo.com/?q=site%3Afacebook.com/groups%20%22ETH%20trading%22%20crypto,"site:facebook.com/groups ""ETH trading"" crypto",ETH trading,8,public post,low,High relevance: matches strong terms (eth trading)
Facebook Groups,"Search: site:facebook.com/groups ""smart money crypto"" crypto",https://duckduckgo.com/?q=site%3Afacebook.com/groups%20%22smart%20money%20crypto%22%20crypto,"site:facebook.com/groups ""smart money crypto"" crypto",smart money crypto,8,public post,low,High relevance: matches strong terms (smart money)
Facebook Groups,"Search: site:facebook.com/groups ""whale tracking"" crypto",https://duckduckgo.com/?q=site%3Afacebook.com/groups%20%22whale%20tracking%22%20crypto,"site:facebook.com/groups ""whale tracking"" crypto",whale tracking,8,public post,low,High relevance: matches strong terms (whale tracking)
Facebook Groups,"Search: site:facebook.com/groups ""wallet tracker crypto"" crypto",https://duckduckgo.com/?q=site%3Afacebook.com/groups%20%22wallet%20tracker%20crypto%22%20crypto,"site:facebook.com/groups ""wallet tracker crypto"" crypto",wallet tracker crypto,8,public post,low,High relevance: matches strong terms (wallet tracker)
Facebook Groups,"Search: site:facebook.com/groups ""on-chain alpha"" crypto",https://duckduckgo.com/?q=site%3Afacebook.com/groups%20%22on-chain%20alpha%22%20crypto,"site:facebook.com/groups ""on-chain alpha"" crypto",on-chain alpha,8,public post,low,High relevance: matches strong terms (on-chain alpha)
Facebook Groups,"Search: site:facebook.com/groups ""copy trading wallets"" crypto",https://duckduckgo.com/?q=site%3Afacebook.com/groups%20%22copy%20trading%20wallets%22%20crypto,"site:facebook.com/groups ""copy trading wallets"" crypto",copy trading wallets,8,public post,low,High relevance: matches strong terms (copy trading)
Facebook Groups,"Search: site:facebook.com/groups ""insider wallet"" crypto",https://duckduckgo.com/?q=site%3Afacebook.com/groups%20%22insider%20wallet%22%20crypto,"site:facebook.com/groups ""insider wallet"" crypto",insider wallet,8,public post,low,High relevance: matches strong terms (insider wallet)
Facebook Groups,"Search: site:facebook.com/groups ""whale alerts"" crypto",https://duckduckgo.com/?q=site%3Afacebook.com/groups%20%22whale%20alerts%22%20crypto,"site:facebook.com/groups ""whale alerts"" crypto",whale alerts,8,public post,low,High relevance: matches strong terms (whale alert)
Facebook Groups,"Search: site:facebook.com/groups ""profitable wallets"" crypto",https://duckduckgo.com/?q=site%3Afacebook.com/groups%20%22profitable%20wallets%22%20crypto,"site:facebook.com/groups ""profitable wallets"" crypto",profitable wallets,8,public post,low,High relevance: matches strong terms (profitable wallet)
Facebook Groups,"Search: site:facebook.com/groups ""fresh wallet crypto"" crypto",https://duckduckgo.com/?q=site%3Afacebook.com/groups%20%22fresh%20wallet%20crypto%22%20crypto,"site:facebook.com/groups ""fresh wallet crypto"" crypto",fresh wallet crypto,8,public post,low,High relevance: matches strong terms (fresh wallet)
Facebook Groups,"Search: site:facebook.com/groups ""alpha signals crypto"" crypto",https://duckduckgo.com/?q=site%3Afacebook.com/groups%20%22alpha%20signals%20crypto%22%20crypto,"site:facebook.com/groups ""alpha signals crypto"" crypto",alpha signals crypto,8,public post,low,"High relevance: matches strong terms (alpha signal, signals)"
Reddit,"Search: site:reddit.com ""meme coin trading""",https://duckduckgo.com/?q=site%3Areddit.com%20%22meme%20coin%20trading%22,"site:reddit.com ""meme coin trading""",meme coin trading,8,public comment,low,High relevance: matches strong terms (meme coin trading)
Reddit,"Search: site:reddit.com ""Solana trading""",https://duckduckgo.com/?q=site%3Areddit.com%20%22Solana%20trading%22,"site:reddit.com ""Solana trading""",Solana trading,8,public comment,low,High relevance: matches strong terms (solana trading)
Reddit,"Search: site:reddit.com ""ETH trading""",https://duckduckgo.com/?q=site%3Areddit.com%20%22ETH%20trading%22,"site:reddit.com ""ETH trading""",ETH trading,8,public comment,low,High relevance: matches strong terms (eth trading)
Reddit,"Search: site:reddit.com ""smart money crypto""",https://duckduckgo.com/?q=site%3Areddit.com%20%22smart%20money%20crypto%22,"site:reddit.com ""smart money crypto""",smart money crypto,8,public comment,low,High relevance: matches strong terms (smart money)
Reddit,"Search: site:reddit.com ""whale tracking""",https://duckduckgo.com/?q=site%3Areddit.com%20%22whale%20tracking%22,"site:reddit.com ""whale tracking""",whale tracking,8,public comment,low,High relevance: matches strong terms (whale tracking)
Reddit,"Search: site:reddit.com ""wallet tracker crypto""",https://duckduckgo.com/?q=site%3Areddit.com%20%22wallet%20tracker%20crypto%22,"site:reddit.com ""wallet tracker crypto""",wallet tracker crypto,8,public comment,low,High relevance: matches strong terms (wallet tracker)
Reddit,"Search: site:reddit.com ""on-chain alpha""",https://duckduckgo.com/?q=site%3Areddit.com%20%22on-chain%20alpha%22,"site:reddit.com ""on-chain alpha""",on-chain alpha,8,public comment,low,High relevance: matches strong terms (on-chain alpha)
Reddit,"Search: site:reddit.com ""copy trading wallets""",https://duckduckgo.com/?q=site%3Areddit.com%20%22copy%20trading%20wallets%22,"site:reddit.com ""copy trading wallets""",copy trading wallets,8,public comment,low,High relevance: matches strong terms (copy trading)
Reddit,"Search: site:reddit.com ""insider wallet""",https://duckduckgo.com/?q=site%3Areddit.com%20%22insider%20wallet%22,"site:reddit.com ""insider wallet""",insider wallet,8,public comment,low,High relevance: matches strong terms (insider wallet)
Reddit,"Search: site:reddit.com ""whale alerts""",https://duckduckgo.com/?q=site%3Areddit.com%20%22whale%20alerts%22,"site:reddit.com ""whale alerts""",whale alerts,8,public comment,low,High relevance: matches strong terms (whale alert)
Reddit,"Search: site:reddit.com ""profitable wallets""",https://duckduckgo.com/?q=site%3Areddit.com%20%22profitable%20wallets%22,"site:reddit.com ""profitable wallets""",profitable wallets,8,public comment,low,High relevance: matches strong terms (profitable wallet)
Reddit,"Search: site:reddit.com ""fresh wallet crypto""",https://duckduckgo.com/?q=site%3Areddit.com%20%22fresh%20wallet%20crypto%22,"site:reddit.com ""fresh wallet crypto""",fresh wallet crypto,8,public comment,low,High relevance: matches strong terms (fresh wallet)
Reddit,"Search: site:reddit.com ""alpha signals crypto""",https://duckduckgo.com/?q=site%3Areddit.com%20%22alpha%20signals%20crypto%22,"site:reddit.com ""alpha signals crypto""",alpha signals crypto,8,public comment,low,"High relevance: matches strong terms (alpha signal, signals)"
Reddit,"Search: site:reddit.com ""meme coin trading"" crypto",https://duckduckgo.com/?q=site%3Areddit.com%20%22meme%20coin%20trading%22%20crypto,"site:reddit.com ""meme coin trading"" crypto",meme coin trading,8,public comment,low,High relevance: matches strong terms (meme coin trading)
Reddit,"Search: site:reddit.com ""Solana trading"" crypto",https://duckduckgo.com/?q=site%3Areddit.com%20%22Solana%20trading%22%20crypto,"site:reddit.com ""Solana trading"" crypto",Solana trading,8,public comment,low,High relevance: matches strong terms (solana trading)
Reddit,"Search: site:reddit.com ""ETH trading"" crypto",https://duckduckgo.com/?q=site%3Areddit.com%20%22ETH%20trading%22%20crypto,"site:reddit.com ""ETH trading"" crypto",ETH trading,8,public comment,low,High relevance: matches strong terms (eth trading)
Reddit,"Search: site:reddit.com ""smart money crypto"" crypto",https://duckduckgo.com/?q=site%3Areddit.com%20%22smart%20money%20crypto%22%20crypto,"site:reddit.com ""smart money crypto"" crypto",smart money crypto,8,public comment,low,High relevance: matches strong terms (smart money)
Reddit,"Search: site:reddit.com ""whale tracking"" crypto",https://duckduckgo.com/?q=site%3Areddit.com%20%22whale%20tracking%22%20crypto,"site:reddit.com ""whale tracking"" crypto",whale tracking,8,public comment,low,High relevance: matches strong terms (whale tracking)
Reddit,"Search: site:reddit.com ""wallet tracker crypto"" crypto",https://duckduckgo.com/?q=site%3Areddit.com%20%22wallet%20tracker%20crypto%22%20crypto,"site:reddit.com ""wallet tracker crypto"" crypto",wallet tracker crypto,8,public comment,low,High relevance: matches strong terms (wallet tracker)
Reddit,"Search: site:reddit.com ""on-chain alpha"" crypto",https://duckduckgo.com/?q=site%3Areddit.com%20%22on-chain%20alpha%22%20crypto,"site:reddit.com ""on-chain alpha"" crypto",on-chain alpha,8,public comment,low,High relevance: matches strong terms (on-chain alpha)
Reddit,"Search: site:reddit.com ""copy trading wallets"" crypto",https://duckduckgo.com/?q=site%3Areddit.com%20%22copy%20trading%20wallets%22%20crypto,"site:reddit.com ""copy trading wallets"" crypto",copy trading wallets,8,public comment,low,High relevance: matches strong terms (copy trading)
Reddit,"Search: site:reddit.com ""insider wallet"" crypto",https://duckduckgo.com/?q=site%3Areddit.com%20%22insider%20wallet%22%20crypto,"site:reddit.com ""insider wallet"" crypto",insider wallet,8,public comment,low,High relevance: matches strong terms (insider wallet)
Reddit,"Search: site:reddit.com ""whale alerts"" crypto",https://duckduckgo.com/?q=site%3Areddit.com%20%22whale%20alerts%22%20crypto,"site:reddit.com ""whale alerts"" crypto",whale alerts,8,public comment,low,High relevance: matches strong terms (whale alert)
Reddit,"Search: site:reddit.com ""profitable wallets"" crypto",https://duckduckgo.com/?q=site%3Areddit.com%20%22profitable%20wallets%22%20crypto,"site:reddit.com ""profitable wallets"" crypto",profitable wallets,8,public comment,low,High relevance: matches strong terms (profitable wallet)
