name,username,platform,profile_url,source_post_url,bio,recent_post_text
DegenKing420,degenking420,reddit,https://reddit.com/user/degenking420,https://reddit.com/r/CryptoCurrency/comments/abc123,"Solana degen | running a small Telegram group for alpha calls | manually tracking whale wallets since 2023","Been tracking whale wallets manually for my Telegram group. Just found 3 fresh wallets that bought $BONK early. It's so hard to keep up with all the new wallets - I check Dexscreener every hour and it's exhausting. Anyone else doing this manually? My group pays VIP for my signals but I'm burnt out from the manual work. Thinking about building a bot but not sure where to start."
CryptoWatcher99,cryptowatcher99,reddit,https://reddit.com/user/cryptowatcher99,https://reddit.com/r/solana/comments/def456,"On-chain analyst | newsletter subscriber | love finding alpha","Does anyone know the best wallet tracker for Solana? I've been using Arkham but it's slow for SOL. I need something that alerts me when smart money buys new tokens. I run a small Discord with 200 people and we share alpha. Currently I manually check 20+ wallets daily and post screenshots. It takes 2-3 hours a day. Looking for recommendations!"
MemeSheriff,memesheriff,reddit,https://reddit.com/user/memesheriff,https://reddit.com/r/memecoin/comments/ghi789,"Meme coin hunter | 100x hunter | not financial advice","100x guaranteed profit!!! Free airdrop click link in bio!!! Make money fast with my premium group!!! Guaranteed returns no risk!!!",
Alpha_Sensei,alpha_sensei,reddit,https://reddit.com/user/alpha_sensei,https://reddit.com/r/CryptoMoonShots/comments/jkl012,"Alpha group admin | 500+ members | private calls for VIPs | collab DMs open","Just dropped today's alpha call in my VIP group. Found this wallet that's been nailing every meme coin launch - I've been manually tracking them for 2 weeks now. Screenshot in the group. If you want access DM me - premium is $25/month. We also have a free Telegram with daily updates. My members have been asking for more whale alerts, thinking about adding a wallet tracker service.",
OnChainNerd,onchainnerd,reddit,https://reddit.com/user/onchainnerd,https://reddit.com/r/defi/comments/mno345,"DeFi researcher | writing a weekly on-chain newsletter | base ecosystem maxi","My weekly on-chain newsletter comes out tomorrow. I've been analyzing whale movements on Base this week. Manually checked 50+ wallets using Lookonchain and Arkham. Not sure if this trend continues - need to verify more data. If you enjoy deep dives subscribe to my newsletter (link in bio). It's free for now but might go paid once I hit 1k subs. The hardest part is finding new wallets to track - it's like looking for a needle in a haystack.",
SolanaSally,solanasally,reddit,https://reddit.com/user/solanasally,https://reddit.com/r/solana/comments/pqr678,"Just a girl trading crypto | learning about on-chain analysis","How do you all track whale wallets? I'm new to this and trying to learn. Been following some big accounts on Twitter but they never share their methods. Is there a tool that shows you what smart money is buying? Sorry if this is a dumb question. Also, does anyone have a good Telegram group for Solana alpha? I'm looking to join one."
BaseBrah,basebrah,reddit,https://reddit.com/user/basebrah,https://reddit.com/r/base/comments/stu901,"Base degen | community manager for a small project | shitposting 24/7,"Working on a Base project as community manager. Been researching whale wallets on Base to see what they're accumulating. I manually check wallets and post in our Discord. It's tedious but our community loves the alpha content. Anyone have a good workflow for this? I need to check 30+ wallets daily and it's eating into my actual work time. DM me if you want to collab or have tools to share.",
DiamondHands69,diamondhands69,reddit,https://reddit.com/user/diamondhands69,https://reddit.com/r/SatoshiStreetBets/comments/vwx234,"HODLer | BTC maxi | not selling","BTC to 100k this cycle. Holding strong. Not financial advice.",
WhaleWhisperer,whalewhisperer,reddit,https://reddit.com/user/whalewhisperer,https://reddit.com/r/CryptoCurrency/comments/yza567,"Tracking on-chain smart money | building tools for my own use | might release something soon","I've been building a personal wallet tracker for the past 6 months. It alerts me when specific whale wallets make moves. I manually curate the wallet list though - that's the hardest part. Sometimes I miss early moves because I haven't added a wallet yet. Does anyone else do this? How do you discover new smart money wallets? Thinking about making this a product but not sure if people would pay for it. I run a small Telegram where I share some of my findings - it's free for now.",
FreshWalletHunter,freshwallethunter,reddit,https://reddit.com/user/freshwallethunter,https://reddit.com/r/memecoin/comments/bcd890,"Finding fresh wallets before they pump | premium signals available","Found 5 fresh wallets today that are accumulating low cap gems. How do I know they're smart? Because they all bought the last 3 pumps within 24h of launch. I track them manually and post to my premium group. 1 ETH/month for access - DM if interested. Also have a free Telegram with 1-2 calls per week. The manual work is killing me though - I'm up at 4am checking wallets. Need to automate this somehow.",
CryptoCat2024,cryptocat2024,reddit,https://reddit.com/user/cryptocat2024,https://reddit.com/r/ethfinance/comments/efg123,"ETH enjoyer | learning DeFi | long-term investor","What's the best way to track institutional wallets? I want to know what the big players are buying. I've tried a few tools but they're either too expensive or don't have the data I want. Any recommendations? Preferably something with alerts.",
AlphaGoblin,alphagoblin,reddit,https://reddit.com/user/alphagoblin,https://reddit.com/r/AllCryptoBets/comments/hij456,"Goblin mode activated | alpha calls | private group open | warning: degen only","NEW WALLET ALERT: Just found a brand new wallet that bought $PEPE2.0 at $50k mcap. This wallet has a 100% hit rate on the last 5 trades. Screenshot below. I found this by manually checking every new wallet on Solana - it took me 6 hours. If you want more alerts like this join my private group - $49/month. We have 120 members and growing. Collab opportunities welcome - DM me.",
ChainAnalysisFan,chainanalysisfan,reddit,https://reddit.com/user/chainanalysisfan,https://reddit.com/r/Crypto_General/comments/klm789,"Curious about on-chain data | data nerd | casual investor","Interesting discussion about wallet tracking. Does anyone know if Arkham data is accurate? I've been using it but noticed some wallets seem mislabeled. Also, how do you tell the difference between a real whale and a random lucky wallet? I'm just trying to learn more about this stuff. Great community here!",
SolanaBuilder,solanabuilder,reddit,https://reddit.com/user/solanabuilder,https://reddit.com/r/solana/comments/nop012,"Building on Solana | indie dev | working on a wallet tracker","Hey everyone, I've been building a wallet tracker bot for Telegram. It tracks whale wallets and sends alerts. I'm looking for beta testers - especially people who run alpha groups or communities. I want to make sure the product actually solves a real problem. If you're interested DM me - free access for beta testers. I've been talking to a few group admins and the feedback is that they spend 2-3 hours a day manually finding content for their groups.",
Moonboy_2025,moonboy_2025,reddit,https://reddit.com/user/moonboy_2025,https://reddit.com/r/CryptoMoonShots/comments/qrs345,"WE'RE ALL GONNA MAKE IT | 1000x GEMS | LOW CAP","NEXT 100X GEM ALERT!!! THIS IS GOING TO THE MOON!!! DYOR NFA BUT THIS IS GUARANTEED!!! CLICK LINK IN MY BIO FOR THE NEXT PEPE!!! FREE AIRDROP FOR EARLY BIRDS!!!",
NFTdegen,nftdegen,reddit,https://reddit.com/user/nftdegen,https://reddit.com/r/CryptoCurrency/comments/tuv678,"NFT collector | turned to DeFi and meme coins | sharing what I learn","I used to be deep in NFTs but now I'm more into on-chain trading. Been trying to learn how to track whale wallets but it's overwhelming. There are so many wallets and so many chains. How do you guys stay organized? I tried making a spreadsheet but it's impossible to keep up. I have a small Discord where we share NFT and now DeFi alpha - only 80 people but very active. Open to suggestions!",
SignalProviderPro,signalproviderpro,reddit,https://reddit.com/user/signalproviderpro,https://reddit.com/r/CryptoCurrency/comments/wxy901,"Professional signals | 5 years experience | premium channel | verified results","Providing crypto signals since 2020. 75% win rate on spot calls. I do thorough research before every call - including on-chain analysis. I manually check whale wallets, analyze order books, etc. It's a lot of work but worth it for my subscribers. Premium is $99/month - worth every penny if you know what you're doing. DM for access. I also run a free Telegram with daily market updates.",
Lurker4Life,lurker4life,reddit,https://reddit.com/user/lurker4life,https://reddit.com/r/CryptoCurrency/comments/zab234,"Just here to learn | long time lurker first time poster","First post! Been reading this sub for years. Quick question - what wallet tracker do you recommend for beginners? I want to start following smart money but don't know where to start. I don't have a group or anything, just investing for myself. Thanks in advance!",
BaseWhaleWatcher,basewhalewatcher,reddit,https://reddit.com/user/basewhalewatcher,https://reddit.com/r/base/comments/cde567,"Base ecosystem | on-chain sleuth | newsletter coming soon","Spent all weekend tracking whale activity on Base. Here's what I found: 3 major wallets accumulating 4 tokens. I'll post the full breakdown in my newsletter this week. Subscribe if you're interested in Base on-chain data. I do this manually right now - Arkham + Etherscan + a spreadsheet. It's taking 10+ hours a week. When my newsletter gets big enough I'll invest in better tools. Also open to collabs with Base projects - DM me.",
RugPullSurvivor,rugpullsurvivor,reddit,https://reddit.com/user/rugpullsurvivor,https://reddit.com/r/memecoin/comments/fgh890,"Been rugged too many times | now I DYOR hard | checking wallets before buying","After getting rugged 3 times I started doing real due diligence. Now I check the deployer wallet, track who's buying, look for repeat buyers, etc. It's a lot of work but saved me from more rugs. I started a small Telegram group where we share wallet research. Free for now, might add a premium tier later. The hardest part is finding the smart wallets in the first place - any tips?",
